﻿<?xml version="1.0" encoding="UTF-8"?> 
<layout>
	<view version="0"/>
	<control name="background" x="0" y="0" width="600" height="800">
		<color>0.0.0</color>
	</control>
	<!-- 时间区域 -->
	<control name="timer" x="467" y="9" width="130" height="50">
		<format>kk:mm</format>
		<align>center</align>
		<size>46</size>
		<color>255.255.255</color>
	</control>
	<control name="date" x="467" y="59" width="130" height="25">
		<format>yyyy-MM-dd</format>
		<align>center</align>
		<size>25</size>
		<color>255.255.255</color>
	</control>
	<control name="title" x="20" y="9" width="313" height="87">
		<text>KONE</text>
		<align>left</align>
		<size>46</size>
		<color>255.255.255</color>
	</control>
	<!-- 电梯运行方向 -->
	<control name="arrows" x="20" y="125" width="140" height="156">
		<up>up.png</up>
		<down>down.png</down>
		<stop>stop.png</stop>
	</control>
	<!-- 电梯状态 -->
	<control name="status" x="12" y="308" width="156" height="78">
		<image>oss.png</image>
	</control>
	<!-- 电梯运行楼层 -->
	<control name="floor" x="165" y="90" width="264" height="201">
	    <color>255.255.255</color>
	    <size>203</size>
	</control>
	<!-- 播放区域 -->
	<control name="player" x="0" y="400" width="600" height="345"/>
	<!-- 自定义文本区域 -->
	<control name="adtext" x="0" y="745" width="600" height="55">
	    <text>Have a nice Day!Have a nice Day!Have a nice Day!</text>
	    <color>255.255.255</color>
	    <size>24</size>
	</control>
</layout>
