﻿<?xml version="1.0" encoding="UTF-8"?> 
<layout>
	<view version="0"/>
	<control name="background" x="0" y="0" width="800" height="600">
		<color>0.0.0</color>
	</control>
	<!-- 时间区域 -->
	<control name="timer" x="670" y="21" width="130" height="50">
		<format>kk:mm</format>
		<align>center</align>
		<size>46</size>
		<color>255.255.255</color>
	</control>
	<control name="date" x="670" y="70" width="130" height="25">
		<format>yyyy-MM-dd</format>
		<align>center</align>
		<size>20</size>
		<color>255.255.255</color>
	</control>
	<control name="title" x="295" y="21" width="300" height="68">
		<text>KONE</text>
		<align>left</align>
		<size>46</size>
		<color>255.255.255</color>
	</control>
	<!-- 电梯运行方向 -->
	<control name="arrows" x="78" y="105" width="140" height="155">
		<up>up.png</up>
		<down>down.png</down>
		<stop>stop.png</stop>
	</control>
        <!-- 电梯状态 -->
	<control name="status" x="70" y="445" width="155" height="78">
		<image>oss.png</image>
	</control>
	<!-- 电梯运行楼层 -->
	<control name="floor" x="0" y="240" width="295" height="220">
	    <color>255.255.255</color>
	    <size>172</size>
	</control>

	<!-- 播放区域 -->
	<control name="player" x="295" y="105" width="505" height="385"/>

	<!-- 自定义文本区域 -->
	<control name="adtext" x="295" y="465" width="490" height="115">
	    <text>Have a nice Day!Have a nice Day!Have a nice Day!</text>
	    <color>255.255.255</color>
	    <size>25</size>
	</control>
</layout>
